{"cameraMode":{"drawMode":0,"name":"Shaded","section":"Shading Mode"},"sceneLighting":false,"audioPlay":false,"sceneViewState":{"showFog":true,"showMaterialUpdate":false,"showSkybox":false,"showFlares":true,"showImageEffects":true,"showParticleSystems":true},"in2DMode":false,"pivot":{"x":0.0,"y":0.42591577768325808,"z":0.00014863908290863037},"rotation":{"x":0.027979232370853425,"y":0.45888853073120119,"z":-0.014459771104156971,"w":0.8879355788230896},"size":0.6247001886367798,"orthographic":true}