{"cameraMode":{"drawMode":0,"name":"Shaded","section":"Shading Mode"},"sceneLighting":true,"audioPlay":false,"sceneViewState":{"showFog":true,"showMaterialUpdate":false,"showSkybox":false,"showFlares":true,"showImageEffects":true,"showParticleSystems":true},"in2DMode":false,"pivot":{"x":136.45738220214845,"y":10.803861618041993,"z":43.25428771972656},"rotation":{"x":0.25971123576164248,"y":0.3675765097141266,"z":-0.10776520520448685,"w":0.8865546584129334},"size":12.12435531616211,"orthographic":false}