{"cameraMode":{"drawMode":0,"name":"Shaded","section":"Shading Mode"},"sceneLighting":false,"audioPlay":false,"sceneViewState":{"showFog":true,"showMaterialUpdate":false,"showSkybox":false,"showFlares":true,"showImageEffects":true,"showParticleSystems":true},"in2DMode":false,"pivot":{"x":3.9584803581237795,"y":-0.47882217168807986,"z":1.3031305074691773},"rotation":{"x":0.011614135466516018,"y":0.7101856470108032,"z":-0.011719238944351673,"w":0.7038223147392273},"size":3.43957257270813,"orthographic":false}