{"cameraMode":{"drawMode":0,"name":"Shaded","section":"Shading Mode"},"sceneLighting":false,"audioPlay":false,"sceneViewState":{"showFog":true,"showMaterialUpdate":false,"showSkybox":true,"showFlares":true,"showImageEffects":true,"showParticleSystems":true},"in2DMode":false,"pivot":{"x":261.5113830566406,"y":1.8533661365509034,"z":68.7227554321289},"rotation":{"x":-0.2618481516838074,"y":0.06218965724110603,"z":-0.016910966485738756,"w":-0.9629632830619812},"size":10.0,"orthographic":false}