{"cameraMode":{"drawMode":0,"name":"Shaded","section":"Shading Mode"},"sceneLighting":false,"audioPlay":false,"sceneViewState":{"showFog":true,"showMaterialUpdate":false,"showSkybox":false,"showFlares":true,"showImageEffects":true,"showParticleSystems":true},"in2DMode":false,"pivot":{"x":-0.001099192537367344,"y":-0.00006469059735536575,"z":0.0047524236142635349},"rotation":{"x":0.13859201967716218,"y":-0.08012578636407852,"z":0.011250624433159829,"w":0.9870399236679077},"size":0.008086870424449444,"orthographic":false}