{"cameraMode":{"drawMode":0,"name":"Shaded","section":"Shading Mode"},"sceneLighting":false,"audioPlay":false,"sceneViewState":{"showFog":true,"showMaterialUpdate":false,"showSkybox":false,"showFlares":true,"showImageEffects":true,"showParticleSystems":true},"in2DMode":false,"pivot":{"x":0.0,"y":1.9600000381469727,"z":4.650000095367432},"rotation":{"x":0.2690933644771576,"y":0.44790565967559817,"z":-0.14353050291538239,"w":0.8405330777168274},"size":2.1073949337005617,"orthographic":false}