{"cameraMode":{"drawMode":0,"name":"Shaded","section":"Shading Mode"},"sceneLighting":false,"audioPlay":false,"sceneViewState":{"showFog":true,"showMaterialUpdate":false,"showSkybox":true,"showFlares":true,"showImageEffects":true,"showParticleSystems":true},"in2DMode":false,"pivot":{"x":265.20794677734377,"y":4.439460754394531,"z":57.25705337524414},"rotation":{"x":0.40258821845054629,"y":0.5154499411582947,"z":-0.29855877161026,"w":0.6950528025627136},"size":3.230541706085205,"orthographic":false}