{"cameraMode":{"drawMode":0,"name":"Shaded","section":"Shading Mode"},"sceneLighting":false,"audioPlay":false,"sceneViewState":{"showFog":true,"showMaterialUpdate":false,"showSkybox":true,"showFlares":true,"showImageEffects":true,"showParticleSystems":true},"in2DMode":false,"pivot":{"x":-150.13345336914063,"y":-72.45586395263672,"z":-250.74423217773438},"rotation":{"x":0.03278955817222595,"y":-0.9531913995742798,"z":0.11203346401453018,"w":0.27894583344459536},"size":163.26443481445313,"orthographic":false}