{"cameraMode":{"drawMode":0,"name":"Shaded","section":"Shading Mode"},"sceneLighting":false,"audioPlay":false,"sceneViewState":{"showFog":true,"showMaterialUpdate":false,"showSkybox":true,"showFlares":true,"showImageEffects":true,"showParticleSystems":true},"in2DMode":false,"pivot":{"x":267.4123229980469,"y":-10.738375663757325,"z":80.26710510253906},"rotation":{"x":0.34427610039711,"y":0.07062935084104538,"z":-0.02594921924173832,"w":0.935870349407196},"size":18.184654235839845,"orthographic":false}