{"cameraMode":{"drawMode":0,"name":"Shaded","section":"Shading Mode"},"sceneLighting":true,"audioPlay":false,"sceneViewState":{"showFog":true,"showMaterialUpdate":false,"showSkybox":false,"showFlares":true,"showImageEffects":true,"showParticleSystems":true},"in2DMode":false,"pivot":{"x":0.0711817741394043,"y":-0.6190929412841797,"z":0.07609891891479492},"rotation":{"x":-2.4905207851588786e-7,"y":-0.9696297645568848,"z":-8.450364816781075e-7,"w":-0.24471603333950044},"size":22.716646194458009,"orthographic":false}